species,measurement,um,comment
SOLY,style_length_1,6379.17,
SOLY,style_width_1,288.59,
SOLY,ovary_legth_1,1465.62,
SOLY,ovary_width_1,1252.75,
SOLY,stigma_length_1,197.59,
SOLY,stigma_width_1,408.26,
SOLY,stigma_area_um_1,70137.37,elipse_5_points
SOLY,stigma_surface_width_1,281.46,diameter
SOLY,style_length_2,6930.5,
SOLY,style_width_2,314.04,
SOLY,ovary_legth_2,1910.23,
SOLY,ovary_width_2,1298.61,
SOLY,stigma_length_2,172.43,
SOLY,stigma_width_2,367.24,
SOLY,stigma_area_um_2,108186.61,elipse_5_points
SOLY,stigma_surface_width_2,326.46,diameter
SOLY,style_length_3,5760.02,
SOLY,style_width_3,288.44,
SOLY,ovary_legth_3,1173.1,
SOLY,ovary_width_3,1180.09,
SOLY,stigma_length_3,174.06,
SOLY,stigma_width_3,343.82,
SOLY,stigma_area_um_3,83725.46,elipse_5_points
SOLY,stigma_surface_width_3,332.2,diameter
SOLY,style_length_4,6076.11,
SOLY,style_width_4,277.93,
SOLY,ovary_legth_4,1055.24,
SOLY,ovary_width_4,895.54,
SOLY,stigma_length_4,125.2,
SOLY,stigma_width_4,316.88,
SOLY,stigma_area_um_4,78134.74,elipse_5_points
SOLY,stigma_surface_width_4,327.43,diameter
SOLY,style_length_5,6332.48,
SOLY,style_width_5,266.49,
SOLY,ovary_legth_5,1274.18,
SOLY,ovary_width_5,1083.9,
SOLY,stigma_length_5,118.72,
SOLY,stigma_width_5,296.85,
SOLY,stigma_area_um_5,69009.99,elipse_5_points
SOLY,stigma_surface_width_5,277.56,diameter
SOLY,style_length_6,6393.37,
SOLY,style_width_6,292.26,
SOLY,ovary_legth_6,1367.11,
SOLY,ovary_width_6,910.8,
SOLY,stigma_length_6,123.36,
SOLY,stigma_width_6,381.93,
SOLY,stigma_area_um_6,88310.71,elipse_5_points
SOLY,stigma_surface_width_6,381.93,diameter
SOLY,style_length_7,7041.52,
SOLY,style_width_7,320.56,
SOLY,ovary_legth_7,931.17,
SOLY,ovary_width_7,1047.38,
SOLY,stigma_length_7,209.17,
SOLY,stigma_width_7,336.28,
SOLY,stigma_area_um_7,84111.46,elipse_5_points
SOLY,stigma_surface_width_7,302.69,diameter
SOLY,style_length_8,6666.64,
SOLY,style_width_8,281.64,
SOLY,ovary_legth_8,1218.58,
SOLY,ovary_width_8,1112.62,
SOLY,stigma_length_8,211.29,
SOLY,stigma_width_8,266.92,
SOLY,stigma_area_um_8,79711.87,elipse_5_points
SOLY,stigma_surface_width_8,271.11,diameter
SOLY,style_length_9,6183.92,
SOLY,style_width_9,309.31,
SOLY,ovary_legth_9,1099.92,
SOLY,ovary_width_9,1071.26,
SOLY,stigma_length_9,267.6,
SOLY,stigma_width_9,358.62,
SOLY,stigma_area_um_9,122740.16,elipse_5_points
SOLY,stigma_surface_width_9,428.64,diameter
SOLY,style_length_10,6763.36,
SOLY,style_width_10,292.13,
SOLY,ovary_legth_10,879.8,
SOLY,ovary_width_10,1194.42,
SOLY,stigma_length_10,NA,
SOLY,stigma_width_10,429.69,
SOLY,stigma_area_um_10,143594.94,elipse_5_points
SOLY,stigma_surface_width_10,412.51,diameter
SOLY,style_length_11,6617.46,
SOLY,style_width_11,328.82,
SOLY,ovary_legth_11,1458.68,
SOLY,ovary_width_11,1241.15,
SOLY,stigma_length_11,219.11,
SOLY,stigma_width_11,320.72,
SOLY,stigma_area_um_11,83660.07,elipse_5_points
SOLY,stigma_surface_width_11,304.88,diameter
SOLY,style_length_12,7041.95,
SOLY,style_width_12,361.28,
SOLY,ovary_legth_12,1002.37,
SOLY,ovary_width_12,1190.68,
SOLY,stigma_length_12,240.58,
SOLY,stigma_width_12,412.51,
SOLY,stigma_area_um_12,95999.56,elipse_5_points
SOLY,stigma_surface_width_12,373.99,diameter
SOLY,style_length_13,5978.12,
SOLY,style_width_13,336.1,
SOLY,ovary_legth_13,902.62,
SOLY,ovary_width_13,999.7,
SOLY,stigma_length_13,253.72,
SOLY,stigma_width_13,357.84,
SOLY,stigma_area_um_13,90482.91,elipse_5_points
SOLY,stigma_surface_width_13,353.24,diameter
SOLY,style_length_14,6370.72,
SOLY,style_width_14,385.01,
SOLY,ovary_legth_14,1366.72,
SOLY,ovary_width_14,1254.04,
SOLY,stigma_length_14,218.76,
SOLY,stigma_width_14,324.83,
SOLY,stigma_area_um_14,84134.17,elipse_5_points
SOLY,stigma_surface_width_14,305.02,diameter
SOLY,style_width_15,5786.79,
SOLY,ovary_legth_15,314.59,
SOLY,ovary_width_15,1268.03,
SOLY,stigma_length_15,131.51,
SOLY,stigma_width_15,NA,
SOLY,stigma_area_um_15,NA,elipse_5_points
SOLY,stigma_surface_width_15,NA,diameter
IPPU,style_length_1,26226.48,
IPPU,style_width_1,578.55,
IPPU,ovary_legth_1,964.38,
IPPU,ovary_width_1,1639.28,
IPPU,stigma_length_1,1434.45,
IPPU,stigma_width_1,1578.67,
IPPU,stigma_area_um_1,1827168.79,
IPPU,stigma_surface_width_1,1603.86,
IPPU,style_length_2,28269.28,
IPPU,style_width_2,710.98,
IPPU,ovary_legth_2,1036.63,
IPPU,ovary_width_2,1542.52,
IPPU,stigma_length_2,1241.6,
IPPU,stigma_width_2,1868.46,
IPPU,stigma_area_um_2,2236208.24,
IPPU,stigma_surface_width_2,1840.37,
IPPU,style_length_3,27937.27,
IPPU,style_width_3,615.64,
IPPU,ovary_legth_3,1074.48,
IPPU,ovary_width_3,1668.26,
IPPU,stigma_length_3,1518.83,
IPPU,stigma_width_3,1829.31,
IPPU,stigma_area_um_3,2175299.85,
IPPU,stigma_surface_width_3,1771.48,
IPPU,style_length_4,30287.7,
IPPU,style_width_4,578.55,
IPPU,ovary_legth_4,1097.16,
IPPU,ovary_width_4,1725.3,
IPPU,stigma_length_4,1122.04,
IPPU,stigma_width_4,2000.54,
IPPU,stigma_area_um_4,2374999.86,
IPPU,stigma_surface_width_4,1976.44,
IPPU,style_length_5,27580.72,
IPPU,style_width_5,605.54,
IPPU,ovary_legth_5,981.11,
IPPU,ovary_width_5,1488.14,
IPPU,stigma_length_5,1311.2,
IPPU,stigma_width_5,1932.65,
IPPU,stigma_area_um_5,2195972.47,
IPPU,stigma_surface_width_5,1880.51,
IPPU,style_length_6,26701.57,
IPPU,style_width_6,580.43,
IPPU,ovary_legth_6,898.55,
IPPU,ovary_width_6,1827.45,
IPPU,stigma_length_6,1313.93,
IPPU,stigma_width_6,1560.17,
IPPU,stigma_area_um_6,2001039.6,
IPPU,stigma_surface_width_6,1699.17,
IPPU,style_length_7,27811.05,
IPPU,style_width_7,547.08,
IPPU,ovary_legth_7,970.38,
IPPU,ovary_width_7,1576.98,
IPPU,stigma_length_7,1123.33,
IPPU,stigma_width_7,1854.35,
IPPU,stigma_area_um_7,1975910.4,
IPPU,stigma_surface_width_7,1733.79,
IPPU,style_length_8,28912.37,
IPPU,style_width_8,579.06,
IPPU,ovary_legth_8,967.99,
IPPU,ovary_width_8,1606.39,
IPPU,stigma_length_8,988.71,
IPPU,stigma_width_8,1763.99,
IPPU,stigma_area_um_8,2143825.75,
IPPU,stigma_surface_width_8,1798.95,
IPPU,style_length_9,28132.13,
IPPU,style_width_9,554.46,
IPPU,ovary_legth_9,1133.31,
IPPU,ovary_width_9,1557.51,
IPPU,stigma_length_9,1543.64,
IPPU,stigma_width_9,2051.47,
IPPU,stigma_area_um_9,2576687.1,
IPPU,stigma_surface_width_9,2048.92,
IPPU,style_length_10,31136.04,
IPPU,style_width_10,518.32,
IPPU,ovary_legth_10,1446.27,
IPPU,ovary_width_10,1242.48,
IPPU,stigma_length_10,1434.45,
IPPU,stigma_width_10,1845.81,
IPPU,stigma_area_um_10,2022610.04,
IPPU,stigma_surface_width_10,1810.81,
IPPU,style_length_11,28543.67,
IPPU,style_width_11,590.97,
IPPU,ovary_legth_11,1160.24,
IPPU,ovary_width_11,1386.66,
IPPU,stigma_length_11,814.86,
IPPU,stigma_width_11,1870.99,
IPPU,stigma_area_um_11,2262499.48,
IPPU,stigma_surface_width_11,1855.09,
IPPU,style_length_12,27562.13,
IPPU,style_width_12,557.92,
IPPU,ovary_legth_12,985.83,
IPPU,ovary_width_12,1362.57,
IPPU,stigma_length_12,1351.79,
IPPU,stigma_width_12,1879.93,
IPPU,stigma_area_um_12,2518512.28,
IPPU,stigma_surface_width_12,1966.14,
IPPU,style_length_13,29363.29,
IPPU,style_width_13,483.38,
IPPU,ovary_legth_13,980,
IPPU,ovary_width_13,1507.93,
IPPU,stigma_length_13,1001.02,
IPPU,stigma_width_13,1804.91,
IPPU,stigma_area_um_13,2153630.49,
IPPU,stigma_surface_width_13,1850.37,
IPPU,style_length_14,26757.39,
IPPU,style_width_14,616.47,
IPPU,ovary_legth_14,957.42,
IPPU,ovary_width_14,1462.15,
IPPU,stigma_length_14,1157.73,
IPPU,stigma_width_14,1919.11,
IPPU,stigma_area_um_14,6363.04,
IPPU,stigma_surface_width_14,1992.61,
IPPU,style_width_15,26138.05,
IPPU,ovary_legth_15,1194.3,
IPPU,ovary_width_15,2008.55,
IPPU,stigma_length_15,1218.39,
IPPU,stigma_width_15,2413.06,
IPPU,stigma_area_um_15,3342546.66,
IPPU,stigma_surface_width_15,2413.06,
BROL,style_length_1,2655.78,
BROL,style_width_1,785.6,
BROL,ovary_legth_1,7142.73,
BROL,ovary_width_1,1446.87,
BROL,stigma_length_1,591.13,
BROL,stigma_width_1,1061.55,
BROL,stigma_area_um_1,922475.85,
BROL,stigma_surface_width_1,989.32,
BROL,style_length_2,2364.05,
BROL,style_width_2,578.55,
BROL,ovary_legth_2,5635.95,
BROL,ovary_width_2,1014.04,
BROL,stigma_length_2,494.79,
BROL,stigma_width_2,872.98,
BROL,stigma_area_um_2,625336.13,
BROL,stigma_surface_width_2,841.85,
BROL,style_length_3,2148.32,
BROL,style_width_3,591.58,
BROL,ovary_legth_3,5430.12,
BROL,ovary_width_3,1003.75,
BROL,stigma_length_3,410.01,
BROL,stigma_width_3,819.79,
BROL,stigma_area_um_3,564811.53,
BROL,stigma_surface_width_3,831.58,
BROL,style_length_4,2283.55,
BROL,style_width_4,591.58,
BROL,ovary_legth_4,5093.17,
BROL,ovary_width_4,994.08,
BROL,stigma_length_4,465.27,
BROL,stigma_width_4,821.31,
BROL,stigma_area_um_4,506832.92,
BROL,stigma_surface_width_4,807.48,
BROL,style_length_5,2917.92,
BROL,style_width_5,747.14,
BROL,ovary_legth_5,7160.13,
BROL,ovary_width_5,1145.38,
BROL,stigma_length_5,542.56,
BROL,stigma_width_5,988.22,
BROL,stigma_area_um_5,710349.71,
BROL,stigma_surface_width_5,940.64,
BROL,style_length_6,2269.49,
BROL,style_width_6,645.93,
BROL,ovary_legth_6,5175.04,
BROL,ovary_width_6,1020.97,
BROL,stigma_length_6,451.81,
BROL,stigma_width_6,824.84,
BROL,stigma_area_um_6,555449.15,
BROL,stigma_surface_width_6,855.68,
BROL,style_length_7,2751.62,
BROL,style_width_7,628.72,
BROL,ovary_legth_7,6636.3,
BROL,ovary_width_7,1132.82,
BROL,stigma_length_7,532.14,
BROL,stigma_width_7,999.85,
BROL,stigma_area_um_7,771119.43,
BROL,stigma_surface_width_7,989.98,
BROL,style_length_8,2269.6,
BROL,style_width_8,620.34,
BROL,ovary_legth_8,6089.51,
BROL,ovary_width_8,942.72,
BROL,stigma_length_8,450.04,
BROL,stigma_width_8,843.98,
BROL,stigma_area_um_8,562374.91,
BROL,stigma_surface_width_8,844.32,
BROL,style_length_9,2264.68,
BROL,style_width_9,803.89,
BROL,ovary_legth_9,6195.06,
BROL,ovary_width_9,1197.93,
BROL,stigma_length_9,558.38,
BROL,stigma_width_9,850.92,
BROL,stigma_area_um_9,484327.74,
BROL,stigma_surface_width_9,807.39,
BROL,style_length_10,2803.12,
BROL,style_width_10,908.92,
BROL,ovary_legth_10,8474.38,
BROL,ovary_width_10,1338.48,
BROL,stigma_length_10,669.93,
BROL,stigma_width_10,1014.33,
BROL,stigma_area_um_10,679644.85,
BROL,stigma_surface_width_10,903.79,
BROL,style_length_11,1892.49,
BROL,style_width_11,602.53,
BROL,ovary_legth_11,5508.92,
BROL,ovary_width_11,1014.04,
BROL,stigma_length_11,423.43,
BROL,stigma_width_11,874.4,
BROL,stigma_area_um_11,549798.7,
BROL,stigma_surface_width_11,819.79,
BROL,style_length_12,2483.35,
BROL,style_width_12,531.46,
BROL,ovary_legth_12,5474.06,
BROL,ovary_width_12,1003.75,
BROL,stigma_length_12,471.49,
BROL,stigma_width_12,892.48,
BROL,stigma_area_um_12,558905.47,
BROL,stigma_surface_width_12,807.39,
BROL,style_length_13,2304.83,
BROL,style_width_13,662.89,
BROL,ovary_legth_13,5581.24,
BROL,ovary_width_13,940.02,
BROL,stigma_length_13,397.78,
BROL,stigma_width_13,879.78,
BROL,stigma_area_um_13,603700.31,
BROL,stigma_surface_width_13,831.58,
BROL,style_length_14,1134.66,
BROL,style_width_14,414.13,
BROL,ovary_legth_14,3387.88,
BROL,ovary_width_14,1028.27,
BROL,stigma_length_14,660.6,
BROL,stigma_width_14,367.18,
BROL,stigma_area_um_14,309463.55,
BROL,stigma_surface_width_14,662.89,
BROL,style_width_15,2662.39,
BROL,ovary_legth_15,766.06,
BROL,ovary_width_15,1459.91,
BROL,stigma_length_15,797.79,
BROL,stigma_width_15,1161.54,
BROL,stigma_area_um_15,927915.6,
BROL,stigma_surface_width_15,1048.47,
PEIN,style_length_1,15115.79,
PEIN,style_width_min_1,363.32,
PEIN,style_width_max_1,578.93,
PEIN,ovary_legth_1,1616.98,
PEIN,ovary_width_1,2892.94,
PEIN,stigma_length_1,630.88,
PEIN,stigma_width_1,1170.04,
PEIN,stigma_area_um_1,1043733.31,
PEIN,stigma_surface_width_1,1476.36,
PEIN,style_length_2,15700,
PEIN,style_width_min_2,266.21,
PEIN,style_width_max_2,582.09,
PEIN,ovary_legth_2,3964.4,
PEIN,ovary_width_2,2063.95,
PEIN,stigma_length_2,668.51,
PEIN,stigma_width_2,1116.7,
PEIN,stigma_area_um_2,1183904.86,
PEIN,stigma_surface_width_2,1391.42,
PEIN,style_length_3,15015.23,
PEIN,style_width_min_3,291.47,
PEIN,style_width_max_3,567.53,
PEIN,ovary_legth_3,3534.72,
PEIN,ovary_width_3,1503.77,
PEIN,stigma_length_3,759.77,
PEIN,stigma_width_3,1652.51,
PEIN,stigma_area_um_3,1179547.19,
PEIN,stigma_surface_width_3,1543.64,
PEIN,style_length_4,14859.17,
PEIN,style_width_min_4,229.28,
PEIN,style_width_max_4,494.07,
PEIN,ovary_legth_4,3745.53,
PEIN,ovary_width_4,1585.1,
PEIN,stigma_length_4,651.91,
PEIN,stigma_width_4,1375.67,
PEIN,stigma_area_um_4,1079320.9,
PEIN,stigma_surface_width_4,1390.42,
PEIN,style_length_5,14676.85,
PEIN,style_width_min_5,253.35,
PEIN,style_width_max_5,574.53,
PEIN,ovary_legth_5,3465.51,
PEIN,ovary_width_5,1795.9,
PEIN,stigma_length_5,747.14,
PEIN,stigma_width_5,1090.33,
PEIN,stigma_area_um_5,1073583.31,
PEIN,stigma_surface_width_5,1540.05,
PEIN,style_length_6,15826.53,
PEIN,style_width_min_6,326.26,
PEIN,style_width_max_6,655.87,
PEIN,ovary_legth_6,3600.69,
PEIN,ovary_width_6,1771.48,
PEIN,stigma_length_6,903.52,
PEIN,stigma_width_6,1332.59,
PEIN,stigma_area_um_6,1291746.58,
PEIN,stigma_surface_width_6,1458.82,
PEIN,style_length_7,14992.07,
PEIN,style_width_min_7,294.06,
PEIN,style_width_max_7,659.15,
PEIN,ovary_legth_7,3094.78,
PEIN,ovary_width_7,2074.97,
PEIN,stigma_length_7,1091.59,
PEIN,stigma_width_7,1552.04,
PEIN,stigma_area_um_7,1544010.45,
PEIN,stigma_surface_width_7,1572.96,
PEIN,style_length_8,14867.46,
PEIN,style_width_min_8,242.9,
PEIN,style_width_max_8,566.26,
PEIN,ovary_legth_8,3089.51,
PEIN,ovary_width_8,1432.62,
PEIN,stigma_length_8,909.24,
PEIN,stigma_width_8,1350.53,
PEIN,stigma_area_um_8,1170456.46,
PEIN,stigma_surface_width_8,1430.81,
PEIN,style_length_9,15586.53,
PEIN,style_width_min_9,270.61,
PEIN,style_width_max_9,741.28,
PEIN,ovary_legth_9,2954.94,
PEIN,ovary_width_9,1757.41,
PEIN,stigma_length_9,713.39,
PEIN,stigma_width_9,1397.43,
PEIN,stigma_area_um_9,1452434.39,
PEIN,stigma_surface_width_9,1920.3,
PEIN,style_length_10,12832.42,
PEIN,style_width_min_10,259.58,
PEIN,style_width_max_10,526.03,
PEIN,ovary_legth_10,2594.65,
PEIN,ovary_width_10,1500.32,
PEIN,stigma_length_10,725.73,
PEIN,stigma_width_10,1181.99,
PEIN,stigma_area_um_10,935983.6,
PEIN,stigma_surface_width_10,1483.44,
PEIN,style_length_11,15047.43,
PEIN,style_width_min_11,270.85,
PEIN,style_width_max_11,665.74,
PEIN,ovary_legth_11,3321.13,
PEIN,ovary_width_11,1668.91,
PEIN,stigma_length_11,852.6,
PEIN,stigma_width_11,1101.04,
PEIN,stigma_area_um_11,1236467.53,
PEIN,stigma_surface_width_11,1764.38,
PEIN,style_length_12,15613.99,
PEIN,style_width_min_12,216.89,
PEIN,style_width_max_12,655.59,
PEIN,ovary_legth_12,3269.25,
PEIN,ovary_width_12,1904.01,
PEIN,stigma_length_12,978.96,
PEIN,stigma_width_12,1565,
PEIN,stigma_area_um_12,1059484.08,
PEIN,stigma_surface_width_12,1563.02,
PEIN,style_length_13,15109.92,
PEIN,style_width_13,283.91,
PEIN,style_width_13,665.64,
PEIN,ovary_legth_13,3475.38,
PEIN,ovary_width_13,1723.35,
PEIN,stigma_length_13,809.96,
PEIN,stigma_width_13,1312.37,
PEIN,stigma_area_um_13,1210330.2,
PEIN,stigma_surface_width_13,1606.44,
PEIN,style_length_14,12105.76,
PEIN,style_width_min_14,215.42,
PEIN,style_width_max_14,766.82,
PEIN,ovary_legth_14,2639.55,
PEIN,ovary_width_14,1388.03,
PEIN,stigma_length_14,824.14,
PEIN,stigma_width_14,1367.32,
PEIN,stigma_area_um_14,855218.61,
PEIN,stigma_surface_width_14,1510.32,
PEIN,style_length_15,12327.95,
PEIN,style_width_min_15,285.48,
PEIN,style_width_max_15,706.41,
PEIN,ovary_legth_15,2566.93,
PEIN,ovary_width_15,1511.09,
PEIN,stigma_length_15,729.02,
PEIN,stigma_width_15,1271,
PEIN,stigma_area_um_15,1210012.23,
PEIN,stigma_surface_width_15,1655.75,
SOME,style_length_1,11250.57,
SOME,style_width_min_1,940.64,
SOME,style_width_max_1,1091.23,
SOME,ovary_legth_1,3942.06,
SOME,ovary_width_1,3868.91,
SOME,stigma_length_1,1017.06,
SOME,stigma_width_1,1482.41,
SOME,stigma_area_um_1,1479064.01,
SOME,stigma_surface_width_1,1529.27,
SOME,style_length_2,11354.77,
SOME,style_width_min_2,904.02,
SOME,style_width_max_2,1048.47,
SOME,ovary_legth_2,3508.18,
SOME,ovary_width_2,3687.5,
SOME,stigma_length_2,759.77,
SOME,stigma_width_2,1373.82,
SOME,stigma_area_um_2,1273164.35,
SOME,stigma_surface_width_2,1410.5,
SOME,style_length_3,11132.86,
SOME,style_width_min_3,974.97,
SOME,style_width_max_3,1128.27,
SOME,ovary_legth_3,4423.79,
SOME,ovary_width_3,3497.03,
SOME,stigma_length_3,980.22,
SOME,stigma_width_3,1478.02,
SOME,stigma_area_um_3,1492460.63,
SOME,stigma_surface_width_3,1512.11,
SOME,style_length_4,10431.92,
SOME,style_width_min_4,705.89,
SOME,style_width_max_4,892.27,
SOME,ovary_legth_4,4387.35,
SOME,ovary_width_4,3105.92,
SOME,stigma_length_4,1030.78,
SOME,stigma_width_4,1093.64,
SOME,stigma_area_um_4,880705.02,
SOME,stigma_surface_width_4,1183.44,
SOME,style_length_5,11562.31,
SOME,style_width_min_5,1137.64,
SOME,style_width_max_5,850.22,
SOME,ovary_legth_5,3286.58,
SOME,ovary_width_5,3562.75,
SOME,stigma_length_5,800.38,
SOME,stigma_width_5,1317.26,
SOME,stigma_area_um_5,1145576.38,
SOME,stigma_surface_width_5,1366.43,
SOME,style_length_6,11748.78,
SOME,style_width_min_6,798.67,
SOME,style_width_max_6,937.42,
SOME,ovary_legth_6,3577.5,
SOME,ovary_width_6,3113.02,
SOME,stigma_length_6,1053.28,
SOME,stigma_width_6,1247.62,
SOME,stigma_area_um_6,860990.93,
SOME,stigma_surface_width_6,1291.56,
SOME,style_length_7,11546.03,
SOME,style_width_min_7,893.4,
SOME,style_width_max_7,956.67,
SOME,ovary_legth_7,4209.31,
SOME,ovary_width_7,3519.97,
SOME,stigma_length_7,983.58,
SOME,stigma_width_7,1054.84,
SOME,stigma_area_um_7,767457.37,
SOME,stigma_surface_width_7,1065.57,
SOME,style_length_8,11950.45,
SOME,style_width_min_8,771.61,
SOME,style_width_max_8,1003.11,
SOME,ovary_legth_8,3822.6,
SOME,ovary_width_8,3520.83,
SOME,stigma_length_8,802.73,
SOME,stigma_width_8,1406.39,
SOME,stigma_area_um_8,1055528.98,
SOME,stigma_surface_width_8,1300.65,
SOME,style_length_9,10930.32,
SOME,style_width_min_9,1719.41,
SOME,style_width_max_9,1156.92,
SOME,ovary_legth_9,5846.11,
SOME,ovary_width_9,4736.43,
SOME,stigma_length_9,1143.77,
SOME,stigma_width_9,1787.88,
SOME,stigma_area_um_9,2576541.85,
SOME,stigma_surface_width_9,2085.97,
SOME,style_length_10,11810.7,
SOME,style_width_min_10,768.7,
SOME,style_width_max_10,958.16,
SOME,ovary_legth_10,4363.63,
SOME,ovary_width_10,3446.49,
SOME,stigma_length_10,1066.68,
SOME,stigma_width_10,1078.53,
SOME,stigma_area_um_10,981023.63,
SOME,stigma_surface_width_10,1189.58,
SOME,style_length_11,11896.75,
SOME,style_width_min_11,772.74,
SOME,style_width_max_11,926.97,
SOME,ovary_legth_11,4327.59,
SOME,ovary_width_11,3326.05,
SOME,stigma_length_11,903.37,
SOME,stigma_width_11,1067.72,
SOME,stigma_area_um_11,940458.78,
SOME,stigma_surface_width_11,1372.2,
SOME,style_length_12,10869.41,
SOME,style_width_min_12,801.41,
SOME,style_width_max_12,1139.82,
SOME,ovary_legth_12,3749.22,
SOME,ovary_width_12,3789.95,
SOME,stigma_length_12,907.23,
SOME,stigma_width_12,1302.79,
SOME,stigma_area_um_12,1143087.6,
SOME,stigma_surface_width_12,1299.39,
SOME,style_length_13,10156.03,
SOME,style_width_13,852.8,
SOME,style_width_13,1073.61,
SOME,ovary_legth_13,3356.65,
SOME,ovary_width_13,3411.72,
SOME,stigma_length_13,1046.74,
SOME,stigma_width_13,1473.3,
SOME,stigma_area_um_13,1496200.72,
SOME,stigma_surface_width_13,1489.13,
SOME,style_length_14,11851.29,
SOME,style_width_min_14,799.01,
SOME,style_width_max_14,1139.01,
SOME,ovary_legth_14,3830.34,
SOME,ovary_width_14,3641.48,
SOME,stigma_length_14,1074.71,
SOME,stigma_width_14,1574.05,
SOME,stigma_area_um_14,1550241.64,
SOME,stigma_surface_width_14,1555.79,
SOME,style_length_15,11447.29,
SOME,style_width_min_15,745.52,
SOME,style_width_max_15,990.26,
SOME,ovary_legth_15,3676.4,
SOME,ovary_width_15,3088.45,
SOME,stigma_length_15,857.08,
SOME,stigma_width_15,1244.17,
SOME,stigma_area_um_15,856157.81,
SOME,stigma_surface_width_15,1241.22,
SIAL,style_length_1,2706.24,
SIAL,style_width_min_1,487.97,
SIAL,style_width_max_1,721.27,
SIAL,ovary_legth_1,1485.09,
SIAL,ovary_width_1,691.76,
SIAL,stigma_length_1,357.33,
SIAL,stigma_width_1,592.16,
SIAL,stigma_area_um_1,295320.78,
SIAL,stigma_surface_width_1,796.11,
SIAL,style_length_2,4317.32,
SIAL,style_width_min_2,665.77,
SIAL,style_width_max_2,1138.91,
SIAL,ovary_legth_2,1951.27,
SIAL,ovary_width_2,1294.43,
SIAL,stigma_length_2,695.23,
SIAL,stigma_width_2,1171.71,
SIAL,stigma_area_um_2,693170.32,
SIAL,stigma_surface_width_2,1182.87,
SIAL,style_length_3,4615.56,
SIAL,style_width_min_3,761.54,
SIAL,style_width_max_3,1069.3,
SIAL,ovary_legth_3,3208.2,
SIAL,ovary_width_3,1469.75,
SIAL,stigma_length_3,772.14,
SIAL,stigma_width_3,1312.96,
SIAL,stigma_area_um_3,1005456.11,
SIAL,stigma_surface_width_3,1342.13,
SIAL,style_length_4,4747.38,
SIAL,style_width_min_4,732.88,
SIAL,style_width_max_4,1204.9,
SIAL,ovary_legth_4,1855.5,
SIAL,ovary_width_4,1137,
SIAL,stigma_length_4,650.23,
SIAL,stigma_width_4,1113.89,
SIAL,stigma_area_um_4,775805.44,
SIAL,stigma_surface_width_4,1173.9,
SIAL,style_length_5,3974.96,
SIAL,style_width_min_5,677.39,
SIAL,style_width_max_5,1081.33,
SIAL,ovary_legth_5,1599.65,
SIAL,ovary_width_5,1267.83,
SIAL,stigma_length_5,638.55,
SIAL,stigma_width_5,1013.05,
SIAL,stigma_area_um_5,650954.05,
SIAL,stigma_surface_width_5,1043.19,
SIAL,style_length_6,3879.33,
SIAL,style_width_min_6,696.66,
SIAL,style_width_max_6,1033.39,
SIAL,ovary_legth_6,1062.09,
SIAL,ovary_width_6,1155.37,
SIAL,stigma_length_6,624.94,
SIAL,stigma_width_6,1076.44,
SIAL,stigma_area_um_6,651252.41,
SIAL,stigma_surface_width_6,1024.38,
SIAL,style_length_7,4784.58,
SIAL,style_width_min_7,671.16,
SIAL,style_width_max_7,1226,
SIAL,ovary_legth_7,1570,
SIAL,ovary_width_7,653,
SIAL,stigma_length_7,1217,
SIAL,stigma_width_7,820969.95,
SIAL,stigma_area_um_7,1236.63,
SIAL,stigma_surface_width_7,NA,
SIAL,style_length_8,2523.06,
SIAL,style_width_min_8,902.07,
SIAL,style_width_max_8,558.1,
SIAL,ovary_legth_8,2814.92,
SIAL,ovary_width_8,1281.82,
SIAL,stigma_length_8,544.35,
SIAL,stigma_width_8,976.79,
SIAL,stigma_area_um_8,495589.42,
SIAL,stigma_surface_width_8,957.07,
SIAL,style_length_9,3066.24,
SIAL,style_width_min_9,497.05,
SIAL,style_width_max_9,781.81,
SIAL,ovary_legth_9,2601.89,
SIAL,ovary_width_9,981.76,
SIAL,stigma_length_9,562.79,
SIAL,stigma_width_9,896.72,
SIAL,stigma_area_um_9,486642.62,
SIAL,stigma_surface_width_9,852.82,
SIAL,style_length_10,2793.66,
SIAL,style_width_min_10,487.39,
SIAL,style_width_max_10,765.93,
SIAL,ovary_legth_10,2375.01,
SIAL,ovary_width_10,1003.81,
SIAL,stigma_length_10,424.9,
SIAL,stigma_width_10,773.36,
SIAL,stigma_area_um_10,317502.12,
SIAL,stigma_surface_width_10,779.95,
SIAL,style_length_11,3642.64,
SIAL,style_width_min_11,578.28,
SIAL,style_width_max_11,864.75,
SIAL,ovary_legth_11,1892.78,
SIAL,ovary_width_11,1032.03,
SIAL,stigma_length_11,1041.38,
SIAL,stigma_width_11,453.18,
SIAL,stigma_area_um_11,470470.5,
SIAL,stigma_surface_width_11,987.62,
SIAL,style_length_12,3440.23,
SIAL,style_width_min_12,643.48,
SIAL,style_width_max_12,1014.29,
SIAL,ovary_legth_12,2696.97,
SIAL,ovary_width_12,1279.8,
SIAL,stigma_length_12,474.66,
SIAL,stigma_width_12,1112.43,
SIAL,stigma_area_um_12,660559.59,
SIAL,stigma_surface_width_12,1093.75,
SIAL,style_length_13,3283.47,
SIAL,style_width_13,745.3,
SIAL,style_width_13,396.95,
SIAL,ovary_legth_13,1295.71,
SIAL,ovary_width_13,875.78,
SIAL,stigma_length_13,365.45,
SIAL,stigma_width_13,577.45,
SIAL,stigma_area_um_13,261372.5,
SIAL,stigma_surface_width_13,679.11,
SIAL,style_length_14,3664.16,
SIAL,style_width_min_14,585.9,
SIAL,style_width_max_14,989.1,
SIAL,ovary_legth_14,1720.3,
SIAL,ovary_width_14,1052.84,
SIAL,stigma_length_14,605.92,
SIAL,stigma_width_14,919.74,
SIAL,stigma_area_um_14,609254.94,
SIAL,stigma_surface_width_14,997.52,
SIAL,style_length_15,2935.37,
SIAL,style_width_min_15,460.38,
SIAL,style_width_max_15,776.65,
SIAL,ovary_legth_15,1590.38,
SIAL,ovary_width_15,920.69,
SIAL,stigma_length_15,490.69,
SIAL,stigma_width_15,698.5,
SIAL,stigma_area_um_15,306518.66,
SIAL,stigma_surface_width_15,653.26,
CAAN,style_length_1,2796.51,
CAAN,style_width_min_1,1330,
CAAN,style_width_max_1,1330,
CAAN,ovary_legth_1,3848.87,
CAAN,ovary_width_1,7831.56,
CAAN,stigma_length_1,820.01,
CAAN,stigma_width_1,1579.78,
CAAN,stigma_area_um_1,1836077.83,
CAAN,stigma_surface_width_1,1604.45,
CAAN,style_length_2,2942.02,
CAAN,style_width_min_2,1088.33,
CAAN,style_width_max_2,1088.33,
CAAN,ovary_legth_2,1088.33,
CAAN,ovary_width_2,5116.43,
CAAN,stigma_length_2,3664.54,
CAAN,stigma_width_2,1316.22,
CAAN,stigma_area_um_2,1739526.56,
CAAN,stigma_surface_width_2,1463.5,
CAAN,style_length_3,3260.97,
CAAN,style_width_min_3,917.11,
CAAN,style_width_max_3,917.11,
CAAN,ovary_legth_3,3403.98,
CAAN,ovary_width_3,5475.76,
CAAN,stigma_length_3,446.15,
CAAN,stigma_width_3,1097.2,
CAAN,stigma_area_um_3,1158411.72,
CAAN,stigma_surface_width_3,1097.2,
CAAN,style_length_4,3375.15,
CAAN,style_width_min_4,1156.92,
CAAN,style_width_max_4,1156.92,
CAAN,ovary_legth_4,3242.5,
CAAN,ovary_width_4,6645.16,
CAAN,stigma_length_4,1446.5,
CAAN,stigma_width_4,795.64,
CAAN,stigma_area_um_4,1203369.09,
CAAN,stigma_surface_width_4,1217.17,
CAAN,style_length_5,1534.67,
CAAN,style_width_min_5,961.19,
CAAN,style_width_max_5,961.19,
CAAN,ovary_legth_5,2604.99,
CAAN,ovary_width_5,4169.52,
CAAN,stigma_length_5,843677.08,
CAAN,stigma_width_5,1162.42,
CAAN,stigma_area_um_5,768241.57,
CAAN,stigma_surface_width_5,1163.12,
CAAN,style_length_6,3024.79,
CAAN,style_width_min_6,1034.46,
CAAN,style_width_max_6,1034.46,
CAAN,ovary_legth_6,3237.06,
CAAN,ovary_width_6,6059.22,
CAAN,stigma_length_6,649.09,
CAAN,stigma_width_6,1193.98,
CAAN,stigma_area_um_6,1180861.96,
CAAN,stigma_surface_width_6,1379.47,
CAAN,style_length_7,1633.68,
CAAN,style_width_min_7,1163.12,
CAAN,style_width_max_7,1163.12,
CAAN,ovary_legth_7,3380.97,
CAAN,ovary_width_7,7033.85,
CAAN,stigma_length_7,499.47,
CAAN,stigma_width_7,1501.26,
CAAN,stigma_area_um_7,1078257.54,
CAAN,stigma_surface_width_7,1322.84,
CAAN,style_length_8,2021.73,
CAAN,style_width_min_8,1016.83,
CAAN,style_width_max_8,1016.83,
CAAN,ovary_legth_8,2651.72,
CAAN,ovary_width_8,400.3,
CAAN,stigma_length_8,442.22,
CAAN,stigma_width_8,1137.25,
CAAN,stigma_area_um_8,873179.23,
CAAN,stigma_surface_width_8,1068.52,
CAAN,style_length_9,3797.86,
CAAN,style_width_min_9,1031.83,
CAAN,style_width_max_9,1031.83,
CAAN,ovary_legth_9,3699.63,
CAAN,ovary_width_9,5693.46,
CAAN,stigma_length_9,528.56,
CAAN,stigma_width_9,1238.78,
CAAN,stigma_area_um_9,986340.06,
CAAN,stigma_surface_width_9,1169.78,
CAAN,style_length_10,3648.85,
CAAN,style_width_min_10,881.92,
CAAN,style_width_max_10,881.92,
CAAN,ovary_legth_10,3021.83,
CAAN,ovary_width_10,4360.3,
CAAN,stigma_length_10,570.26,
CAAN,stigma_width_10,879.35,
CAAN,stigma_area_um_10,925524.92,
CAAN,stigma_surface_width_10,1086.82,
CAAN,style_length_11,4098.24,
CAAN,style_width_min_11,946.19,
CAAN,style_width_max_11,946.19,
CAAN,ovary_legth_11,2975.23,
CAAN,ovary_width_11,5000.83,
CAAN,stigma_length_11,649.11,
CAAN,stigma_width_11,1207.78,
CAAN,stigma_area_um_11,1201045,
CAAN,stigma_surface_width_11,1313.43,
CAAN,style_length_12,3992.04,
CAAN,style_width_min_12,1037.47,
CAAN,style_width_max_12,1037.47,
CAAN,ovary_legth_12,3234.77,
CAAN,ovary_width_12,5206.39,
CAAN,stigma_length_12,1277.9,
CAAN,stigma_width_12,626.44,
CAAN,stigma_area_um_12,1233559.62,
CAAN,stigma_surface_width_12,1283.02,
CAAN,style_length_13,4543.05,
CAAN,style_width_13,1218.6,
CAAN,style_width_13,1218.6,
CAAN,ovary_legth_13,4423.68,
CAAN,ovary_width_13,6920.29,
CAAN,stigma_length_13,858.19,
CAAN,stigma_width_13,1542.52,
CAAN,stigma_area_um_13,1122759.07,
CAAN,stigma_surface_width_13,1453.41,
CAAN,style_length_14,4062.3,
CAAN,style_width_min_14,1218.06,
CAAN,style_width_max_14,1218.06,
CAAN,ovary_legth_14,3982.43,
CAAN,ovary_width_14,6811.95,
CAAN,stigma_length_14,677.7,
CAAN,stigma_width_14,1344.17,
CAAN,stigma_area_um_14,1312166.65,
CAAN,stigma_surface_width_14,1602.28,
CAAN,style_length_15,3836.82,
CAAN,style_width_min_15,856.36,
CAAN,style_width_max_15,856.36,
CAAN,ovary_legth_15,2429.55,
CAAN,ovary_width_15,4847.11,
CAAN,stigma_length_15,557.74,
CAAN,stigma_width_15,1036.22,
CAAN,stigma_area_um_15,745169.9,
CAAN,stigma_surface_width_15,1082.17,
BRRA,style_length_1,1067.23,
BRRA,style_width_min_1,613.36,
BRRA,style_width_max_1,536.7,
BRRA,ovary_legth_1,3757.61,
BRRA,ovary_width_1,786.24,
BRRA,stigma_length_1,428.16,
BRRA,stigma_width_1,798.62,
BRRA,stigma_area_um_1,416297.43,
BRRA,stigma_surface_width_1,763.08,
BRRA,style_length_2,1316.3,
BRRA,style_width_min_2,619.68,
BRRA,style_width_max_2,550.1,
BRRA,ovary_legth_2,3656.93,
BRRA,ovary_width_2,953.91,
BRRA,stigma_length_2,341.33,
BRRA,stigma_width_2,807.94,
BRRA,stigma_area_um_2,396214.38,
BRRA,stigma_surface_width_2,773.96,
BRRA,style_length_3,835.75,
BRRA,style_width_min_3,466.97,
BRRA,style_width_max_3,536.17,
BRRA,ovary_legth_3,3259.42,
BRRA,ovary_width_3,898.19,
BRRA,stigma_length_3,410.91,
BRRA,stigma_width_3,710.23,
BRRA,stigma_area_um_3,382934.48,
BRRA,stigma_surface_width_3,724.25,
BRRA,style_length_4,933.28,
BRRA,style_width_min_4,501.36,
BRRA,style_width_max_4,501.36,
BRRA,ovary_legth_4,3092.9,
BRRA,ovary_width_4,787.28,
BRRA,stigma_length_4,404.18,
BRRA,stigma_width_4,682.38,
BRRA,stigma_area_um_4,391219.47,
BRRA,stigma_surface_width_4,715.57,
BRRA,style_length_5,1527.92,
BRRA,style_width_min_5,543.8,
BRRA,style_width_max_5,543.8,
BRRA,ovary_legth_5,4020.1,
BRRA,ovary_width_5,948.56,
BRRA,stigma_length_5,320.37,
BRRA,stigma_width_5,752.26,
BRRA,stigma_area_um_5,402369.24,
BRRA,stigma_surface_width_5,689.34,
BRRA,style_length_6,1011.4,
BRRA,style_width_min_6,522.94,
BRRA,style_width_max_6,522.94,
BRRA,ovary_legth_6,3600.61,
BRRA,ovary_width_6,951.25,
BRRA,stigma_length_6,408.27,
BRRA,stigma_width_6,716.86,
BRRA,stigma_area_um_6,389581.76,
BRRA,stigma_surface_width_6,710.19,
BRRA,style_length_7,908.12,
BRRA,style_width_min_7,447.9,
BRRA,style_width_max_7,447.9,
BRRA,ovary_legth_7,2710.97,
BRRA,ovary_width_7,803.16,
BRRA,stigma_length_7,346.34,
BRRA,stigma_width_7,618.39,
BRRA,stigma_area_um_7,275082.67,
BRRA,stigma_surface_width_7,668.45,
BRRA,style_length_8,1323.34,
BRRA,style_width_min_8,619.84,
BRRA,style_width_max_8,619.84,
BRRA,ovary_legth_8,4202.68,
BRRA,ovary_width_8,787.06,
BRRA,stigma_length_8,403.94,
BRRA,stigma_width_8,905.39,
BRRA,stigma_area_um_8,595136.02,
BRRA,stigma_surface_width_8,900.88,
BRRA,style_length_9,927.96,
BRRA,style_width_min_9,439.53,
BRRA,style_width_max_9,439.53,
BRRA,ovary_legth_9,3336.14,
BRRA,ovary_width_9,926.27,
BRRA,stigma_length_9,348.3,
BRRA,stigma_width_9,710.19,
BRRA,stigma_area_um_9,319162.41,
BRRA,stigma_surface_width_9,612.76,
BRRA,style_length_10,1337.65,
BRRA,style_width_min_10,508.32,
BRRA,style_width_max_10,508.32,
BRRA,ovary_legth_10,4213.58,
BRRA,ovary_width_10,1065.29,
BRRA,stigma_length_10,334.95,
BRRA,stigma_width_10,828.56,
BRRA,stigma_area_um_10,352791.61,
BRRA,stigma_surface_width_10,725.18,
BRRA,style_length_11,914.06,
BRRA,style_width_min_11,440.03,
BRRA,style_width_max_11,440.03,
BRRA,ovary_legth_11,3093.54,
BRRA,ovary_width_11,790.51,
BRRA,stigma_length_11,419.96,
BRRA,stigma_width_11,629.77,
BRRA,stigma_area_um_11,276627.61,
BRRA,stigma_surface_width_11,672.77,
BRRA,style_length_12,1162.4,
BRRA,style_width_min_12,533.96,
BRRA,style_width_max_12,533.96,
BRRA,ovary_legth_12,3795.05,
BRRA,ovary_width_12,811.3,
BRRA,stigma_length_12,420.71,
BRRA,stigma_width_12,738.57,
BRRA,stigma_area_um_12,374946.06,
BRRA,stigma_surface_width_12,710.19,
BRRA,style_length_13,1274.53,
BRRA,style_width_13,570.94,
BRRA,style_width_13,570.94,
BRRA,ovary_legth_13,3329.13,
BRRA,ovary_width_13,800.83,
BRRA,stigma_length_13,313.71,
BRRA,stigma_width_13,703.27,
BRRA,stigma_area_um_13,350069.89,
BRRA,stigma_surface_width_13,748,
BRRA,style_length_14,954.55,
BRRA,style_width_min_14,509.47,
BRRA,style_width_max_14,509.47,
BRRA,ovary_legth_14,3537.89,
BRRA,ovary_width_14,936.74,
BRRA,stigma_length_14,321.58,
BRRA,stigma_width_14,759.44,
BRRA,stigma_area_um_14,359082.6,
BRRA,stigma_surface_width_14,726.83,
BRRA,style_length_15,717.49,
BRRA,style_width_min_15,459.59,
BRRA,style_width_max_15,459.59,
BRRA,ovary_legth_15,3372.56,
BRRA,ovary_width_15,919.77,
BRRA,stigma_length_15,362.42,
BRRA,stigma_width_15,647.53,
BRRA,stigma_area_um_15,305779.21,
BRRA,stigma_surface_width_15,658.12,
IPAQ,style_length_1,19651.3,
IPAQ,style_width_min_1,254.29,
IPAQ,style_width_max_1,712.09,
IPAQ,ovary_legth_1,2314.44,
IPAQ,ovary_width_1,1556.56,
IPAQ,stigma_length_1,1432.19,
IPAQ,stigma_width_1,1774.91,
IPAQ,stigma_area_um_1,2951511.12,
IPAQ,stigma_surface_width_1,2360.66,
IPAQ,style_length_2,19711.56,
IPAQ,style_width_min_2,285.52,
IPAQ,style_width_max_2,701.85,
IPAQ,ovary_legth_2,2249.58,
IPAQ,ovary_width_2,1560.02,
IPAQ,stigma_length_2,1284.02,
IPAQ,stigma_width_2,2361.15,
IPAQ,stigma_area_um_2,3118773.93,
IPAQ,stigma_surface_width_2,2361.15,
IPAQ,style_length_3,20532.31,
IPAQ,style_width_min_3,296.86,
IPAQ,style_width_max_3,574.39,
IPAQ,ovary_legth_3,1989.56,
IPAQ,ovary_width_3,1225.18,
IPAQ,stigma_length_3,1132.16,
IPAQ,stigma_width_3,2401.76,
IPAQ,stigma_area_um_3,2927207.27,
IPAQ,stigma_surface_width_3,2386.7,
IPAQ,style_length_4,23081.59,
IPAQ,style_width_min_4,266.95,
IPAQ,style_width_max_4,668.7,
IPAQ,ovary_legth_4,2792.3,
IPAQ,ovary_width_4,1600.14,
IPAQ,stigma_length_4,1271.76,
IPAQ,stigma_width_4,2307.27,
IPAQ,stigma_area_um_4,2897923.12,
IPAQ,stigma_surface_width_4,2310.96,
IPAQ,style_length_5,18709.01,
IPAQ,style_width_min_5,361.13,
IPAQ,style_width_max_5,711.96,
IPAQ,ovary_legth_5,2116.94,
IPAQ,ovary_width_5,1390.66,
IPAQ,stigma_length_5,1301.13,
IPAQ,stigma_width_5,2233.23,
IPAQ,stigma_area_um_5,3263155.62,
IPAQ,stigma_surface_width_5,2523.32,
IPAQ,style_length_6,19792.25,
IPAQ,style_width_min_6,279.03,
IPAQ,style_width_max_6,506.79,
IPAQ,ovary_legth_6,2472.12,
IPAQ,ovary_width_6,1440.16,
IPAQ,stigma_length_6,1397.43,
IPAQ,stigma_width_6,2384.61,
IPAQ,stigma_area_um_6,3262239.67,
IPAQ,stigma_surface_width_6,2585.51,
IPAQ,style_length_7,18893.3,
IPAQ,style_width_min_7,291.55,
IPAQ,style_width_max_7,393.44,
IPAQ,ovary_legth_7,2187.28,
IPAQ,ovary_width_7,1365.6,
IPAQ,stigma_length_7,2715.94,
IPAQ,stigma_width_7,1530.62,
IPAQ,stigma_area_um_7,3391846.28,
IPAQ,stigma_surface_width_7,2715.94,
IPAQ,style_length_8,20010.24,
IPAQ,style_width_min_8,308.94,
IPAQ,style_width_max_8,529.41,
IPAQ,ovary_legth_8,2536.64,
IPAQ,ovary_width_8,1449.23,
IPAQ,stigma_length_8,17772.79,
IPAQ,stigma_width_8,2425.15,
IPAQ,stigma_area_um_8,3568532.61,
IPAQ,stigma_surface_width_8,2385.23,
IPAQ,style_length_9,17916.06,
IPAQ,style_width_min_9,327.08,
IPAQ,style_width_max_9,581.36,
IPAQ,ovary_legth_9,1802.21,
IPAQ,ovary_width_9,1591.93,
IPAQ,stigma_length_9,1089.86,
IPAQ,stigma_width_9,2143.67,
IPAQ,stigma_area_um_9,2524077.34,
IPAQ,stigma_surface_width_9,2191.54,
IPAQ,style_length_10,22578.63,
IPAQ,style_width_min_10,355.27,
IPAQ,style_width_max_10,649.95,
IPAQ,ovary_legth_10,2229.95,
IPAQ,ovary_width_10,1550.36,
IPAQ,stigma_length_10,1330.06,
IPAQ,stigma_width_10,2492.78,
IPAQ,stigma_area_um_10,4376860.66,
IPAQ,stigma_surface_width_10,2381.08,
IPAQ,style_length_11,16309.16,
IPAQ,style_width_min_11,355.27,
IPAQ,style_width_max_11,641.3,
IPAQ,ovary_legth_11,2673.07,
IPAQ,ovary_width_11,1292.06,
IPAQ,stigma_length_11,1426.78,
IPAQ,stigma_width_11,2767.54,
IPAQ,stigma_area_um_11,3847883.62,
IPAQ,stigma_surface_width_11,2782.83,
IPAQ,style_length_12,16642.3,
IPAQ,style_width_min_12,323.11,
IPAQ,style_width_max_12,673.4,
IPAQ,ovary_legth_12,2946.47,
IPAQ,ovary_width_12,1331.31,
IPAQ,stigma_length_12,1635.68,
IPAQ,stigma_width_12,2533.6,
IPAQ,stigma_area_um_12,3318130.08,
IPAQ,stigma_surface_width_12,2583.95,
IPAQ,style_length_13,24006.58,
IPAQ,style_width_13,294.18,
IPAQ,style_width_13,614.74,
IPAQ,ovary_legth_13,2284.11,
IPAQ,ovary_width_13,1273.83,
IPAQ,stigma_length_13,1195.4,
IPAQ,stigma_width_13,2478.19,
IPAQ,stigma_area_um_13,3619698.51,
IPAQ,stigma_surface_width_13,2646.65,
IPAQ,style_length_14,15969.18,
IPAQ,style_width_min_14,313.5,
IPAQ,style_width_max_14,601.53,
IPAQ,ovary_legth_14,2648.52,
IPAQ,ovary_width_14,1406.18,
IPAQ,stigma_length_14,1382.82,
IPAQ,stigma_width_14,2167.13,
IPAQ,stigma_area_um_14,3360202.02,
IPAQ,stigma_surface_width_14,2490.66,
IPAQ,style_length_15,17816.08,
IPAQ,style_width_min_15,257.31,
IPAQ,style_width_max_15,460.97,
IPAQ,ovary_legth_15,2531.01,
IPAQ,ovary_width_15,1215.28,
IPAQ,stigma_length_15,1429.59,
IPAQ,stigma_width_15,1773.91,
IPAQ,stigma_area_um_15,2402365.99,
IPAQ,stigma_surface_width_15,1806.09,
ERSA,style_length_1,8129.23,
ERSA,style_width_min_1,578.55,
ERSA,style_width_max_1,1085.62,
ERSA,ovary_legth_1,5213.99,
ERSA,ovary_width_1,1012.32,
ERSA,stigma_length_1,723.63,
ERSA,stigma_width_1,711.09,
ERSA,stigma_area_um_1,2498.78,
ERSA,stigma_surface_width_1,794.14,
ERSA,style_length_2,7669.08,
ERSA,style_width_min_2,570.98,
ERSA,style_width_max_2,1157.11,
ERSA,ovary_legth_2,5014.4,
ERSA,ovary_width_2,1072.77,
ERSA,stigma_length_2,846.49,
ERSA,stigma_width_2,781.94,
ERSA,stigma_area_um_2,475091.86,
ERSA,stigma_surface_width_2,664.92,
ERSA,style_length_3,6892.86,
ERSA,style_width_min_3,557.59,
ERSA,style_width_max_3,988.44,
ERSA,ovary_legth_3,4655.02,
ERSA,ovary_width_3,917.11,
ERSA,stigma_length_3,1089.12,
ERSA,stigma_width_3,641.52,
ERSA,stigma_area_um_3,360436.51,
ERSA,stigma_surface_width_3,731.23,
ERSA,style_length_4,7110.6,
ERSA,style_width_min_4,628.6,
ERSA,style_width_max_4,1086.45,
ERSA,ovary_legth_4,4058.2,
ERSA,ovary_width_4,1060.95,
ERSA,stigma_length_4,891.6,
ERSA,stigma_width_4,687.71,
ERSA,stigma_area_um_4,468080.01,
ERSA,stigma_surface_width_4,783.75,
ERSA,style_length_5,7838.76,
ERSA,style_width_min_5,630.87,
ERSA,style_width_max_5,1058.67,
ERSA,ovary_legth_5,5568.33,
ERSA,ovary_width_5,1001.93,
ERSA,stigma_length_5,734.67,
ERSA,stigma_width_5,648.2,
ERSA,stigma_area_um_5,297886.16,
ERSA,stigma_surface_width_5,651.12,
ERSA,style_length_6,8378.05,
ERSA,style_width_min_6,566.89,
ERSA,style_width_max_6,1120.77,
ERSA,ovary_legth_6,4895.64,
ERSA,ovary_width_6,1000.49,
ERSA,stigma_length_6,566.63,
ERSA,stigma_width_6,722.27,
ERSA,stigma_area_um_6,389090.73,
ERSA,stigma_surface_width_6,758.74,
ERSA,style_length_7,5811.71,
ERSA,style_width_min_7,611.99,
ERSA,style_width_max_7,1056.68,
ERSA,ovary_legth_7,4449.57,
ERSA,ovary_width_7,902.98,
ERSA,stigma_length_7,750.05,
ERSA,stigma_width_7,680.88,
ERSA,stigma_area_um_7,365180.25,
ERSA,stigma_surface_width_7,685.11,
ERSA,style_length_8,5987.91,
ERSA,style_width_min_8,486.47,
ERSA,style_width_max_8,974.49,
ERSA,ovary_legth_8,4156.96,
ERSA,ovary_width_8,876.89,
ERSA,stigma_length_8,601.32,
ERSA,stigma_width_8,600.78,
ERSA,stigma_area_um_8,294730.13,
ERSA,stigma_surface_width_8,660.53,
ERSA,style_length_9,8158.96,
ERSA,style_width_min_9,477.49,
ERSA,style_width_max_9,711.9,
ERSA,ovary_legth_9,4726.08,
ERSA,ovary_width_9,940.02,
ERSA,stigma_length_9,827.84,
ERSA,stigma_width_9,751.89,
ERSA,stigma_area_um_9,421789.74,
ERSA,stigma_surface_width_9,697,
ERSA,style_length_10,5823.2,
ERSA,style_width_min_10,579.56,
ERSA,style_width_max_10,892.07,
ERSA,ovary_legth_10,3442.96,
ERSA,ovary_width_10,907.72,
ERSA,stigma_length_10,772.95,
ERSA,stigma_width_10,639.14,
ERSA,stigma_area_um_10,358488.59,
ERSA,stigma_surface_width_10,674.97,
ERSA,style_length_11,5449.09,
ERSA,style_width_min_11,410.43,
ERSA,style_width_max_11,712.62,
ERSA,ovary_legth_11,4594.08,
ERSA,ovary_width_11,978.77,
ERSA,stigma_length_11,759.77,
ERSA,stigma_width_11,735.18,
ERSA,stigma_area_um_11,375448.94,
ERSA,stigma_surface_width_11,766.89,
ERSA,style_length_12,5854.94,
ERSA,style_width_min_12,544.04,
ERSA,style_width_max_12,896,
ERSA,ovary_legth_12,4452.38,
ERSA,ovary_width_12,886.47,
ERSA,stigma_length_12,715.11,
ERSA,stigma_width_12,600.48,
ERSA,stigma_area_um_12,266904.75,
ERSA,stigma_surface_width_12,582.02,
ERSA,style_length_13,5513.49,
ERSA,style_width_13,382.79,
ERSA,style_width_13,671.01,
ERSA,ovary_legth_13,4332.25,
ERSA,ovary_width_13,900.69,
ERSA,stigma_length_13,646.63,
ERSA,stigma_width_13,679.49,
ERSA,stigma_area_um_13,312741.17,
ERSA,stigma_surface_width_13,641.33,
ERSA,style_length_14,4804.06,
ERSA,style_width_min_14,394.18,
ERSA,style_width_max_14,647.18,
ERSA,ovary_legth_14,2995.4,
ERSA,ovary_width_14,740.61,
ERSA,stigma_length_14,468.64,
ERSA,stigma_width_14,523.59,
ERSA,stigma_area_um_14,193432.82,
ERSA,stigma_surface_width_14,503.73,
ERSA,style_length_15,5517.12,
ERSA,style_width_min_15,532.15,
ERSA,style_width_max_15,913.68,
ERSA,ovary_legth_15,3796,
ERSA,ovary_width_15,862.58,
ERSA,stigma_length_15,604.09,
ERSA,stigma_width_15,616.01,
ERSA,stigma_area_um_15,261782.96,
ERSA,stigma_surface_width_15,646.49,